{"cameraMode":{"drawMode":0,"name":"Shaded","section":"Shading Mode"},"sceneLighting":true,"audioPlay":false,"sceneViewState":{"showFog":true,"showMaterialUpdate":false,"showSkybox":true,"showFlares":true,"showImageEffects":true,"showParticleSystems":true},"in2DMode":false,"pivot":{"x":-29.817283630371095,"y":0.11967849731445313,"z":-7.739997863769531},"rotation":{"x":-0.01472801435738802,"y":0.789574921131134,"z":-0.6131850481033325,"w":-0.018964240327477456},"size":57.04081344604492,"orthographic":false}