{"cameraMode":{"drawMode":0,"name":"Shaded","section":"Shading Mode"},"sceneLighting":true,"audioPlay":false,"sceneViewState":{"showFog":true,"showMaterialUpdate":false,"showSkybox":true,"showFlares":true,"showImageEffects":true,"showParticleSystems":true},"in2DMode":false,"pivot":{"x":-4.495636940002441,"y":30.04716682434082,"z":-69.2296142578125},"rotation":{"x":-0.02727598510682583,"y":0.04706227034330368,"z":-0.0012855370296165348,"w":-0.9985191226005554},"size":1.5255773067474366,"orthographic":false}