{"cameraMode":{"drawMode":0,"name":"Shaded","section":"Shading Mode"},"sceneLighting":true,"audioPlay":false,"sceneViewState":{"showFog":true,"showMaterialUpdate":false,"showSkybox":true,"showFlares":true,"showImageEffects":true,"showParticleSystems":true},"in2DMode":false,"pivot":{"x":72.874267578125,"y":158.34963989257813,"z":262.73223876953127},"rotation":{"x":-0.10296763479709625,"y":-0.4991728663444519,"z":0.05988454073667526,"w":-0.8582816123962402},"size":311.59979248046877,"orthographic":false}