{"cameraMode":{"drawMode":0,"name":"Shaded","section":"Shading Mode"},"sceneLighting":true,"audioPlay":false,"sceneViewState":{"showFog":true,"showMaterialUpdate":false,"showSkybox":true,"showFlares":true,"showImageEffects":true,"showParticleSystems":true},"in2DMode":false,"pivot":{"x":-0.2854667901992798,"y":-7.444839954376221,"z":-3.6837432384490969},"rotation":{"x":-0.10685540735721588,"y":-0.6855335831642151,"z":0.10277850925922394,"w":-0.7127897143363953},"size":29.739709854125978,"orthographic":false}