{"cameraMode":{"drawMode":1,"name":"Wireframe","section":"Shading Mode"},"sceneLighting":true,"audioPlay":false,"sceneViewState":{"showFog":true,"showMaterialUpdate":false,"showSkybox":true,"showFlares":true,"showImageEffects":true,"showParticleSystems":true},"in2DMode":false,"pivot":{"x":-29.15531349182129,"y":28.707120895385743,"z":-4.019217491149902},"rotation":{"x":-0.005163911730051041,"y":0.6968269944190979,"z":-0.7172060012817383,"w":-0.005016135051846504},"size":12.180500984191895,"orthographic":false}