{"cameraMode":{"drawMode":0,"name":"Shaded","section":"Shading Mode"},"sceneLighting":true,"audioPlay":false,"sceneViewState":{"showFog":true,"showMaterialUpdate":false,"showSkybox":true,"showFlares":true,"showImageEffects":true,"showParticleSystems":true},"in2DMode":false,"pivot":{"x":2.0439987182617189,"y":9.476539611816407,"z":8.950984954833985},"rotation":{"x":0.03556429222226143,"y":0.08145520836114884,"z":0.002908207243308425,"w":-0.996042788028717},"size":22.104110717773439,"orthographic":false}