{"cameraMode":{"drawMode":0,"name":"Shaded","section":"Shading Mode"},"sceneLighting":true,"audioPlay":false,"sceneViewState":{"showFog":true,"showMaterialUpdate":false,"showSkybox":true,"showFlares":true,"showImageEffects":true,"showParticleSystems":true},"in2DMode":false,"pivot":{"x":-6.509404182434082,"y":-18.350793838500978,"z":-41.951908111572269},"rotation":{"x":0.03754396736621857,"y":-0.9564547538757324,"z":0.25179168581962588,"w":0.14289377629756928},"size":23.07022476196289,"orthographic":false}