{"cameraMode":{"drawMode":0,"name":"Shaded","section":"Shading Mode"},"sceneLighting":true,"audioPlay":false,"sceneViewState":{"showFog":true,"showMaterialUpdate":false,"showSkybox":true,"showFlares":true,"showImageEffects":true,"showParticleSystems":true},"in2DMode":false,"pivot":{"x":10.797707557678223,"y":-1.804351806640625,"z":9.470966339111329},"rotation":{"x":0.546966552734375,"y":0.03513426333665848,"z":-0.022984137758612634,"w":0.8361074328422546},"size":52.089420318603519,"orthographic":false}